W_n,W_p,L,Vdd,C_load,f_osc,P_avg,t_rise
3.4663380810345735e-06,6.81951342949907e-06,7.250535193481948e-07,3.0293742274893356,4.790746608347675e-13,13130451.270409081,0.002916904643513851,1.4499688761023697e-09
2.776361282722048e-06,6.796888631296857e-06,1.2890703723136302e-06,3.6646532152339155,1.6486377133486025e-13,24861301.823479615,0.0027777525052806403,7.77129918505057e-10
2.9331613196194594e-06,4.029301128616429e-06,9.835115038469278e-07,3.632140222232202,1.0523533683982434e-13,39770237.8047716,0.0028733170431041216,4.930280586580628e-10
6.115662775807277e-07,1.6858936100543983e-06,1.6315452265900126e-06,3.411098303379344,2.151562531995937e-13,3180119.8007268813,0.0004071029400992579,6.078238261154101e-09
3.5515361451414324e-06,3.8707357909684726e-06,1.0773504776032025e-06,3.614545510983485,3.5659360263968324e-13,11382233.45770537,0.0027454011726155136,1.979636596783917e-09
4.710142984705951e-06,1.5698296976019616e-06,5.458250896394571e-07,2.8822083557810463,4.4149011828842033e-13,8446489.617391072,0.0016610266928532937,3.441596908387093e-09
2.257593078220523e-06,2.5419073824174865e-06,5.234054020244016e-07,3.047256510911844,4.60122958643784e-13,9255620.84780314,0.0020237921241057287,2.278766882766635e-09
4.979004545108847e-06,3.944102689215361e-06,1.7265816127084473e-06,2.971163283748481,4.4026880152398927e-13,5096030.889327688,0.0010407191923344017,4.841301339557235e-09
3.4787599178614615e-06,4.9739752562740695e-06,6.709712155343023e-07,3.599198640408271,3.6755986780824586e-13,20006093.77080162,0.004873006878855765,1.0508528425367836e-09
4.58574956910584e-06,3.2391204648697213e-06,1.239785619665754e-06,2.9846311420383755,3.4712659311605563e-13,7793721.664363089,0.0012798783456974103,2.7719175591899594e-09
2.0660022765703945e-06,9.257678330399156e-06,8.200427223025577e-07,3.3873915367805942,4.06227801472613e-13,13873062.238656586,0.003442294538955431,9.924270020612815e-10
2.718931883910781e-06,8.488263064891286e-06,8.816829821479981e-07,3.61702811648001,3.28150342491714e-13,19693050.154225945,0.0045414455538980445,1.0022502065454686e-09
4.7292521754796235e-06,1.8285150477869465e-06,6.65051653622507e-07,3.2021691872643423,4.1667105310608635e-13,9500149.717389653,0.0021878186601632494,2.9853291181101672e-09
3.2669691228586875e-06,1.7983345494175858e-06,1.2993963802238122e-06,3.700863135653907,4.998526390086727e-13,4289358.632321323,0.0015785691772229333,6.183097046408648e-09
1.2099642755126302e-06,1.7958429528606039e-06,5.60489436808077e-07,3.17584109725146,2.2836752490516625e-13,11491053.465335635,0.0013333690148295396,1.863825829175054e-09
4.450747472113161e-06,6.307304135441491e-06,1.4611916727089708e-06,3.4714142131101307,2.3676906307683304e-13,17276985.647095233,0.00250306548945613,1.2567123140676243e-09
4.213395213549006e-06,2.4483141438730945e-06,1.55011168694188e-06,3.6202085604658025,1.5193810055941188e-13,15293238.004218712,0.0016458903955033238,1.5860316579135239e-09
5.622565347296875e-07,4.409603838312276e-06,1.2095356853227174e-06,3.369639138698489,8.447806779876046e-14,15128993.54357644,0.0007906913139291117,1.26995090936699e-09
1.7611131893466845e-06,8.62159931911943e-06,8.521401981412379e-07,3.11228962549635,1.7265371920721157e-13,24566558.519826777,0.0022138307724443728,7.626319986677562e-10
1.0844695660484417e-06,5.169945555549862e-06,9.414452176793244e-07,3.14001669953591,4.619846891696116e-13,5143310.140251228,0.0012390174150907233,3.4781699558681617e-09
4.179425233855031e-06,5.179251580419092e-06,8.155743641034812e-07,2.886167600561849,1.3118261413223298e-13,37500930.704732224,0.0021274447697456665,5.829937252032459e-10
7.633736189482604e-07,7.595582515575112e-06,1.0631978282350557e-06,2.9604643538679314,2.9655642420388966e-13,6012011.363187447,0.0008345631629129442,2.892831218817774e-09
3.9097728802593455e-06,3.2646395753950834e-06,1.5661220198449904e-06,3.6910942894004686,1.662284243418597e-13,16345256.498316377,0.001969865975872727,1.4951915387931372e-09
9.909229537307962e-07,2.982803574406692e-06,1.719431066457506e-06,2.989142522422763,5.318348318143556e-14,16907556.884504978,0.0004144420197495395,1.1597088373674987e-09
1.6715198277487568e-06,3.529626694870918e-06,6.949750876432909e-07,2.8886980549299826,3.883474051359256e-14,78189734.627504,0.0013168803058401877,2.411537647797295e-10
3.0650663885584697e-06,4.02536885043875e-06,1.1839963474377432e-06,3.1179035860369906,8.448100397605949e-14,33941584.11113099,0.0014507906561509602,6.98830185489777e-10
1.382203384559246e-06,6.278499786708642e-06,1.3085457725993724e-06,3.473293388334854,1.984466580751338e-13,12388499.930301068,0.0016083375684277491,1.5228430392104979e-09
3.622384431760692e-06,2.8203208057589575e-06,9.49485222289212e-07,3.482911622079498,2.0997951503057155e-13,17543255.475296725,0.0023755612521608035,1.3404394879772576e-09
3.851514246773148e-06,8.807917593715261e-06,1.5643082698034893e-06,3.565702668079551,3.1270300220865744e-13,14002066.246251233,0.0028619991672483433,1.2701466012578782e-09
1.4691182723451929e-06,2.845255286923656e-06,1.2560175793946528e-06,3.2982507760536577,2.9030710222705475e-13,5925009.396246927,0.0009443667967684347,3.412514460391963e-09
2.8683281465263077e-06,3.4086974526386897e-06,1.3283943082682608e-06,3.312599779778762,4.483046264159015e-13,5511901.154860541,0.001397296688958605,4.157204792781626e-09
2.9867969263382952e-06,5.948869647209855e-06,1.6718785935795418e-06,2.8732050361388985,6.509230572235072e-14,33445650.193589494,0.0009234748929750237,5.902729623602563e-10
3.236806319137598e-06,7.738059447440605e-06,7.019899794508013e-07,3.6805745519259636,2.920198874395834e-13,29956674.976673007,0.006131692183236059,6.153437520384233e-10
3.425105095686478e-06,9.1326910822755e-06,1.2075632839583547e-06,3.454924115243577,4.695007855864044e-13,11070659.699838033,0.0032935277457296027,1.659407921678304e-09
1.3145897138378383e-06,4.572870725128065e-06,1.152005310399856e-06,3.427275382428425,2.8977029804517386e-13,8038885.132519073,0.0014692302611078892,2.624666871759101e-09
3.695346495545241e-06,5.769310588379736e-06,1.8816370194834687e-06,3.0255235125513544,4.732707815929004e-13,4835741.864217623,0.001056319046487085,3.802876525311435e-09
2.9990684289801133e-06,5.464743911499263e-06,7.602240308563326e-07,3.731805451115019,1.326438616656528e-13,50145976.82000257,0.004686541007270514,3.56252574972444e-10
3.898145495385778e-06,1.1177996996439833e-06,1.908912162465622e-06,3.3796604790954787,2.0865078275411523e-13,4847174.07127101,0.000622788019905266,6.356233769787889e-09
3.737158232778176e-06,3.867732123576612e-06,1.9504744772638248e-06,3.0923546463779146,3.895656962380296e-14,47200727.17634991,0.0009285008886938103,4.6181801401367967e-10
4.113245439912959e-06,4.4415822084719555e-06,1.6974539961851405e-06,3.2759207819630403,6.212424867346238e-14,41590245.49530645,0.0014677894373216378,5.822767355494289e-10
4.241802246301851e-06,3.7725342893333533e-06,1.7359635564660146e-06,3.645031659046434,2.7746524470651095e-13,9777030.855636874,0.0018994157932305641,2.46761459063779e-09
1.9869160907084746e-06,3.18477409830563e-06,5.150027449290038e-07,3.5383926226931752,2.263286332742499e-13,25078989.17833421,0.0035581938195510146,7.79988228385011e-10
3.3160686356288827e-06,4.995577025614604e-06,9.767236025790745e-07,3.7205646678367916,9.59555560367443e-14,53853681.57784274,0.0036935295971206672,3.772092973573428e-10
4.668633468380363e-06,8.34910966565574e-06,6.224122742669554e-07,3.5335026418729556,9.139252884380127e-14,127223902.04987113,0.007411294537815405,1.5012952600216905e-10
4.011381831730993e-06,5.8760154543670495e-06,1.364492871892171e-06,2.8738440464470236,2.56185039804868e-13,12001538.773963893,0.001272578892971569,1.493608800207597e-09
2.019366843793622e-06,3.6733093244845253e-06,1.769902561942998e-06,3.101838661010792,4.79183908680707e-13,3114174.7205844927,0.000727411083751483,6.154037533948889e-09
4.944460365970285e-06,6.205728854952299e-06,1.208469653210544e-06,3.6158299540511107,4.873608822698484e-13,11178521.693606133,0.0036647131310755168,1.7813799417711799e-09
3.808219281253754e-06,2.518705026140435e-06,1.3261933995740317e-06,3.4611175444610085,4.729897103493688e-13,5275813.279496529,0.0015898623993381427,4.418094618918296e-09
2.17519358128213e-06,4.436989911781206e-06,1.3687782156247592e-06,3.3267135811861426,4.372103452315346e-13,5561034.449616896,0.00138017024750842,3.028425766747246e-09
5.167940510139988e-07,1.5553019530385236e-06,5.468720546288687e-07,3.16776221910266,3.1898502561939197e-14,50348773.43363539,0.0008477604719511367,4.3167150243435913e-10
2.8559293898843683e-06,8.613238748923464e-06,1.33852192009118e-06,3.449649278571701,1.396494659556735e-13,29436599.95406784,0.0024914500925848847,6.043928496458214e-10
4.332090866676958e-06,5.322868982166431e-06,1.528140751137916e-06,2.8530395755007585,3.3538763366268374e-13,7949386.588147429,0.001107356296115199,2.4665856817792494e-09
1.9527845576532025e-06,6.290027203521535e-06,1.605802324203804e-06,3.482763789716796,3.734287978272724e-13,6573754.404962014,0.0015973005024496616,2.375488689718696e-09
2.4333290616098463e-06,2.6916903424578225e-06,1.0340325903777312e-06,3.4028380469057664,2.80500321965751e-13,9576390.089775933,0.001610525052300451,2.330324114751847e-09
4.799919541826387e-06,5.142868356807659e-06,9.923155674552383e-07,3.1038603211637414,3.957845724303772e-13,12051024.427397208,0.0023655273787141344,1.7378259508219184e-09
3.004171523900918e-06,8.456314080973552e-06,1.1047590149159174e-06,3.460886722423388,1.4068267810270317e-13,36256376.077318795,0.003087516460532549,4.800077461245232e-10
4.107961244835374e-06,6.174373768459709e-06,9.686804840169208e-07,3.288379412695863,9.287523816004496e-14,58585573.91021409,0.003033682970616071,3.5074478123105916e-10
3.2211018822959684e-06,6.8856435119510754e-06,1.2175206789284561e-06,3.1362804958549377,4.0448858433611753e-13,9418710.301219959,0.001906808419592115,1.7958468101934683e-09
1.0221999068224351e-06,5.232290094288142e-06,1.1342776658054553e-06,2.88840372340986,1.99710015536806e-13,8465623.346785784,0.0007585657621583536,2.230967523305691e-09
3.546628457814816e-06,1.3646475931633069e-06,6.839867578002265e-07,3.6541915182626226,4.943507125551142e-13,7022659.876592363,0.0025128497180837575,4.071860164625386e-09
4.308123225647423e-06,8.48837033954111e-06,1.0046812375038596e-06,3.079741930500111,5.975623438566575e-14,96171808.34339033,0.0028115328549812406,2.0964748608468303e-10
2.0457018092727135e-06,4.718479610623532e-06,1.4488301223966948e-06,2.9223029856582508,2.8928009012737615e-13,6580174.84012585,0.0008096568090177153,2.7153145662963266e-09
1.5778125187604889e-06,5.945634650816032e-06,9.377731427391739e-07,2.860907310771713,4.322715761508472e-14,63098240.69956684,0.0011618658804403148,3.302074892204621e-10
6.884320200202764e-07,7.071032395424247e-06,1.4497507365380428e-06,3.740032414900229,2.495929656878849e-13,nan,nan,nan
4.967157349400378e-06,6.144492064304801e-06,1.7541231221445352e-06,3.6730260766097453,1.7290447633897437e-13,22083522.626652166,0.002658554596605015,9.579119949410158e-10
2.953456462920638e-06,6.81373332719015e-06,8.219881352897693e-07,3.657351319519864,3.290495600334471e-13,20191180.71014836,0.0046053556046736785,8.842766315402399e-10
3.5442597767757122e-06,9.55743869592391e-06,1.7180113623303198e-06,3.6808471291552265,2.7793824883193214e-13,14906361.51391142,0.0029459274722820365,1.2942416894506852e-09
1.165572261028794e-06,5.812978238196349e-06,1.0446420066974518e-06,3.0138407654595416,2.592237969714089e-13,8523600.436606104,0.0010770673672939233,2.1446787539604577e-09
3.336328542820565e-06,3.0274470752279092e-06,7.843856586333792e-07,3.7438090484678668,4.076348886667032e-13,12156873.01277192,0.0036395272157518886,1.6995690420411505e-09
4.149383207006595e-06,5.3276498373737676e-06,1.553263101489048e-06,3.092502339985514,4.02417157876428e-13,7185332.915207645,0.0014092999792731217,2.728870515624321e-09
1.9477104056285594e-06,6.7226389031186464e-06,1.4347696591217751e-06,3.3906081183251904,9.564383908542117e-14,28324217.545602478,0.0016010914952120465,6.636782423651984e-10
2.915895096811001e-06,6.393454544634498e-06,1.2872232541291962e-06,2.895318537752151,1.5587922854794188e-13,18832062.451076303,0.001211447874983845,9.946362589261066e-10
1.8808453648605068e-06,2.086162122907859e-06,1.1701930062259313e-06,3.2846399402560347,1.6260485787071113e-13,10751400.71058884,0.0009851004211154561,2.174599976943693e-09
6.960889642987699e-07,7.68433370390879e-06,1.7415412570427618e-06,3.456006435600211,1.8984731832152507e-13,6756472.292777724,0.0008241569522414178,2.78970988296434e-09
5.069547815941088e-07,2.7235336760520138e-06,1.1716404606638955e-06,3.628174206831697,2.2992355708620243e-13,5001151.598086411,0.0008099456729265928,3.901630744887721e-09
1.0444500993745178e-06,2.3493395861476704e-06,9.265704054080145e-07,3.449482845133534,9.274201591597288e-14,20379142.17803546,0.0011373261888764034,9.770038478502087e-10
2.8278765267931356e-06,7.75944303897155e-06,1.3044133344011076e-06,3.1938942934099144,1.5251903843221108e-14,233685184.88152972,0.001955387133888672,7.78201617929259e-11
4.91579392065062e-06,2.5373184080235654e-06,6.585978861410677e-07,3.503068422857271,3.6146200213734913e-13,15682819.064967496,0.0037561022543532315,1.783272686161185e-09
4.8242415162820405e-06,2.262514592235017e-06,6.020526208110554e-07,3.1770501647978913,9.904012002815436e-14,50375300.92107442,0.002695145607982378,5.179392278636771e-10
2.9971318370463596e-06,5.741196096429278e-06,1.1739610808078288e-06,3.476020570848014,2.903152237506691e-13,13833896.40527979,0.002463318316433777,1.2417954820302273e-09
1.2977689214066575e-06,1.5214641512331702e-06,1.5316284329933224e-06,3.5596679765856023,6.585360009270541e-14,16119100.236207103,0.0007103975893020442,1.285603917263167e-09
5.193117943140774e-07,7.15221877724508e-06,1.8031073175170043e-06,3.2396458138547115,3.273447423092039e-14,27624548.97988431,0.0005303039537159238,7.842736987167105e-10
3.720809309183904e-06,7.237832493777201e-06,8.312533129564796e-07,3.0837167738270113,2.334086073465417e-13,25666930.26146647,0.0028246901306399437,6.804199428820455e-10
2.9937163620968617e-06,8.14856137665944e-06,1.940405713555046e-06,3.5208855249275954,3.4813529610304655e-13,8412653.865197057,0.0019206997943605737,2.20611746974924e-09
4.4463378981682675e-06,2.6728432379470863e-06,1.1033605126135426e-06,3.7388528782039057,3.91150920898307e-14,93993380.27925315,0.002752066519560062,2.641318354345122e-10
2.2315218502690935e-06,1.3391520812893214e-06,8.831737618242458e-07,3.3692765608772635,4.0496914937698487e-13,4919564.579332253,0.001211438417629818,5.100771040964105e-09
3.7281665677916667e-06,3.261531700000444e-06,1.5733094493684387e-06,2.9598029274833477,3.481604215216783e-13,5583490.284365164,0.0008885247296184634,4.106249079273073e-09
4.058924816938779e-06,9.034588785685612e-06,1.8550950682722924e-06,2.9003887125506447,3.3069006850756047e-13,8674841.153112901,0.001206370117477293,2.002618158195697e-09
4.189240767433661e-06,2.4910247855169565e-06,1.8429010001865298e-06,3.096324169701612,4.2981154420155266e-13,3677167.62894525,0.0008105025248125386,6.758957388709419e-09
2.4098962878751025e-06,4.1108003745717874e-06,1.0483201307016213e-06,2.9537245950185946,2.9825580693472025e-13,9075496.189095866,0.0011748668640741958,2.118485324312589e-09
2.985798393865718e-06,3.4053816134183027e-06,5.679585002773267e-07,3.048066308644537,1.2625880995108367e-13,41352100.730341196,0.0025268077723644,5.068457818491159e-10
2.2535414846038987e-06,5.879542089475757e-06,1.8352895176103681e-06,2.8961344695123605,2.6736462109506655e-13,6475769.658393925,0.0007252035216901229,2.8697249177627162e-09
4.30803068679485e-06,3.7598165982303958e-06,1.3545836347939708e-06,3.247146400664831,4.1303332298551517e-13,7194342.226716547,0.0016412551221823405,3.2004266411098003e-09
4.523978855971758e-06,5.159635170274647e-06,1.0799227758855987e-06,3.3998017905288567,5.236367025627151e-14,92593109.54135014,0.002969132306424652,2.3229881500114638e-10
4.137060305084763e-06,6.943559237110448e-06,7.99184007703748e-07,3.020322032930277,4.768546103885277e-13,13107853.270853199,0.002879046767243735,1.4156306411426888e-09
3.4691629718338982e-06,7.4744704043698374e-06,1.951043853337703e-06,3.455952589469593,5.359103247675161e-14,54566859.56255486,0.0018078713058927625,3.2136155861251716e-10
4.8679540189934634e-06,4.42991563441554e-06,1.211107740586632e-06,3.006224632062563,4.2529649934945816e-13,8103542.300665222,0.0016212279308393989,2.8462924737640545e-09
2.397469858275934e-06,6.418592088591066e-06,6.932239541571493e-07,3.086794014328188,4.705140065577067e-13,11524434.674209548,0.002687625476017776,1.5739889143094863e-09
1.3304340575273892e-06,6.743064209111859e-06,6.765383320902161e-07,2.899895892265009,4.122939902689928e-13,8991236.159814179,0.0016504399179358396,2.05571720495522e-09
1.0577098225117874e-06,9.877386339524353e-06,5.246196959163033e-07,2.9323232001159516,4.845836033447788e-13,9976025.45313327,0.0022327977971972105,1.7670298251125464e-09
4.7391678477247775e-06,7.82954437764366e-06,8.276582322676479e-07,3.646657129498833,4.33333398791245e-13,20595185.520895712,0.006096299208795347,1.0440741186742622e-09
4.622527871575049e-06,4.5833484110234766e-06,1.8511634849195231e-06,3.551476676521178,4.12147617959956e-13,6908945.106405534,0.001865486586160237,3.077356870967282e-09
4.720725758989344e-06,1.601571170298852e-06,9.27881297357215e-07,3.520805014832055,4.520987551729597e-14,65956171.38999923,0.0019842157723804956,4.662860855965216e-10
3.3980891832743167e-06,7.90140436534282e-06,1.9307417553394357e-06,3.4148427401007186,1.2030670828865618e-13,24520228.54683908,0.0017238417768945561,7.996598848904903e-10
1.6106570578851004e-06,3.010983197091707e-06,1.580108271702206e-06,3.312990667329534,2.5399478628483947e-13,5829761.663696558,0.000816965706364367,2.9780749038033113e-09
4.783154395077816e-06,4.426822697981832e-06,8.843355195992247e-07,3.3758805648485337,4.0527983704721845e-13,13641787.518401653,0.003282722407636572,1.7462945429483068e-09
4.396032417600253e-06,6.1925089752900915e-06,9.397868985675148e-07,3.6103709403649784,1.396222494770857e-13,47346235.190809675,0.004423266884621584,4.852412003930347e-10
1.437463654115561e-06,9.213536961981198e-06,8.7151981167374e-07,3.341106043359702,3.4210218321878626e-13,12168838.44546146,0.0024770663541411435,1.2544947998480086e-09
4.601538958291872e-06,1.3787425972185733e-06,8.614263896254497e-07,3.297074432210472,5.064243902644652e-14,51855114.05632104,0.0015288534110016253,5.773221689519537e-10
4.83586990148822e-06,1.3305953642651096e-06,9.21718485141777e-07,2.894253451399671,2.1999955836014493e-13,9124809.157589115,0.0008982626970805169,3.3843293103712962e-09
3.728599720948529e-06,3.6961992518216434e-06,9.153696447095118e-07,3.1750231474539055,3.925888501747259e-13,10110520.862136565,0.0020728899803518545,2.396652016468438e-09
2.4292953585396672e-06,8.743714275521675e-06,9.799071675856074e-07,3.2349962513681514,2.1595217967196807e-13,21919943.314488925,0.0026392662012533217,7.869389495397156e-10
1.7491470418479238e-06,4.345426618665219e-06,1.416082761978284e-06,2.866426705931735,1.7289237158844514e-13,9680526.09721573,0.0006736770578637305,1.991557420849395e-09
3.2951139066431448e-06,3.185679174713299e-06,5.274276850754532e-07,3.0833816807890035,4.550088329092289e-13,12655770.24409534,0.0028351562413768717,1.5932481902243095e-09
1.2487036577833465e-06,7.596485142945078e-06,1.5823219080727673e-06,3.0949351121526285,2.024829939905307e-14,85522610.95596321,0.0008967500441939061,2.349901774343891e-10
9.693129137999114e-07,5.091828548905798e-06,1.0799312057834447e-06,3.6037239823810534,2.550126895697635e-13,9192305.830419207,0.0016192555165170572,2.1403615953412666e-09
1.542450197501245e-06,1.6992534449714067e-06,1.5101113132514405e-06,2.967528100430539,8.419351545827532e-14,11363508.6490875,0.00044280716087827997,2.0722061614539292e-09
1.260094222570932e-06,5.723210590485535e-06,1.916126069434728e-06,3.5059693805643386,3.320217294028747e-13,4674168.0311826905,0.001020856040612606,4.028650704962589e-09
3.111630829468767e-06,7.862376038303821e-06,1.850691999689599e-06,3.135407071591563,5.189501023677489e-14,50256979.80989383,0.0013164432344532134,3.8185549872867135e-10
2.4997471268979553e-06,5.924021511872657e-06,1.454148535065704e-06,3.0536166572996186,1.8124175421812496e-13,13772318.0078207,0.0011492952316431247,1.4014334198887468e-09
3.3565615039417515e-06,5.612099277030731e-06,1.502951310852218e-06,3.0492065261012393,2.71179780965003e-14,99917121.67421801,0.0013323182839987458,1.9193485233431948e-10
4.765561956798649e-06,5.581657797265256e-06,9.869652603068993e-07,3.6155056207383445,2.992648610606781e-13,20683443.231079455,0.004164981650214747,9.621395528840343e-10
3.5294333346512235e-06,3.886994359039155e-06,1.949343834149882e-06,3.33604807617725,4.760672806085528e-13,4217216.328032855,0.0011501358992441566,5.081924568320602e-09
2.764507426109143e-06,2.515667556674943e-06,1.0773007683927837e-06,2.893299713588723,2.224173125208857e-13,9356698.499795433,0.000913513334282218,2.258229538986602e-09
1.874270489476883e-06,3.433742764319996e-06,1.52346439424927e-06,3.5340211713112692,2.7035198158955924e-13,7157165.2639489435,0.0012269379131016331,2.806878051189656e-09
1.847077590523592e-06,9.127265022951392e-06,1.2600674813401762e-06,3.2068435192595057,2.5256490653541547e-13,12513992.496620985,0.0017504573768069478,1.13399860399088e-09
1.1191502966479166e-06,8.196835388741599e-06,9.388688694185005e-07,3.0448623292488204,2.2077856744832425e-13,12546835.71309181,0.0013757735352267879,1.2620913861712286e-09
1.3948623025472606e-06,1.3667884479601393e-06,1.808188340284338e-06,3.0797405925538297,2.892486182351178e-13,2473591.843285082,0.00035308141063120844,9.654953480035863e-09
2.534180641925063e-06,1.361615489515636e-06,9.161226658895102e-07,3.004388122199195,2.9449561307677036e-13,5867991.546603485,0.0008381049945479175,4.661114467917207e-09
1.17483836242066e-06,5.660081628701846e-06,1.078012388146965e-06,3.21279639023011,2.618782165710364e-13,8901034.28705759,0.0012962272163065905,2.1374282501558073e-09
1.9972931640820742e-06,6.307957484988911e-06,9.734213706677483e-07,3.486701808675054,1.350149560741989e-13,30339600.13995737,0.0025568279229828753,5.740996259475583e-10
4.697187326689897e-06,6.965337811859584e-06,1.9535239229915086e-06,3.587423192137552,3.561864702875025e-13,9718983.963216944,0.002274265889349609,1.8988420926779696e-09
1.0921992097707067e-06,2.2005309562383724e-06,6.013862543557558e-07,3.4625538802088283,3.3918091853555595e-13,8598663.8700766,0.0017857879163771812,1.995995391043264e-09
1.57946647342908e-06,7.989117061790343e-06,1.8079613239698763e-06,3.3091468799180666,3.048117689246478e-13,6527532.952824456,0.0011604162032418787,2.1719456847342747e-09
4.202767138196028e-06,3.0496653801064517e-06,1.8990490984566413e-06,3.48189598707967,2.0926976723027084e-13,9804648.758703163,0.0013201211482046162,2.6231611734521625e-09
4.835581681462534e-06,1.6230810151130768e-06,1.7640678247864065e-06,3.4022723701280913,4.457526369941163e-13,3408823.565200032,0.0009505346350172979,8.190434117200781e-09
3.196394616079336e-06,1.4230712457130075e-06,7.351780234185338e-07,3.626863146311005,4.007317938309516e-14,78861191.6699429,0.002228705325006726,3.48738197743125e-10
1.3678007778003877e-06,4.250612438727679e-06,1.2928615708988075e-06,2.8843124710378625,2.1958851332907012e-13,7280250.919359052,0.0006744934626210978,2.6936980384190857e-09
1.4349685308254914e-06,4.109668921662196e-06,7.770399008736643e-07,3.16675058380177,1.8563490390481626e-13,16576691.590362499,0.0015583581129826535,9.89813929655685e-10
2.1495176305434285e-06,2.60218982577639e-06,1.4595093474286816e-06,3.0639313190918065,3.776641363805398e-13,4040171.056016543,0.0007298472922300073,4.7841401175365185e-09
4.9350647438894245e-06,7.320620855166203e-06,8.472655100316779e-07,2.871524674510162,2.601799569001377e-13,23547335.188478578,0.002527321293236968,7.726997573069818e-10
7.480856923265846e-07,1.5161708000384408e-06,1.549153235873154e-06,3.514107955856569,2.9910146533682045e-13,2652435.2073158333,0.0004992999146397604,6.5592788812756855e-09
2.0278473614444365e-06,6.2149342464882394e-06,5.424789683627373e-07,3.5764739970050337,1.6911823418237825e-13,45151121.56005165,0.005072955300300414,4.433083243427906e-10
3.725278958658683e-06,1.3860381824615923e-06,9.827726818774067e-07,3.6879265365356875,1.4118920806011554e-13,17820726.67133656,0.0018505202672604363,1.6968225062921147e-09
1.296666113780708e-06,5.680405126848489e-06,5.138672557283839e-07,3.169498695528705,1.6070312850369426e-13,31662239.965065632,0.0027459343183251507,5.843659033075673e-10
4.2224710294096044e-06,7.2781044081391715e-06,7.2527324853163e-07,2.93558243341169,1.788400018397976e-13,38147539.33592847,0.00294761134676181,5.140002075779709e-10
4.240275296221397e-06,1.5350346751140727e-06,1.6009913317266459e-06,3.116562707218252,1.8239710348985713e-13,7445641.358847296,0.000707663199116497,3.869149111728706e-09
2.2107853846899977e-06,3.2398181188592503e-06,7.724014284348548e-07,3.3344504544386417,4.876425857217755e-13,7595769.488392519,0.00209897051091668,2.7107758785772033e-09
2.4095137344449286e-06,5.236007591787127e-06,5.856254101567799e-07,3.4497200003442177,3.6133799107671165e-13,18887251.176135596,0.004170225949942998,1.0816375625046966e-09
3.7648490680607374e-06,1.2837299878680488e-06,1.5532704554497865e-06,3.427876093786633,4.946201357327974e-13,2774028.653642256,0.0008715444617714659,1.0111997296923397e-08
2.4826766787164237e-06,2.6670044791946845e-06,6.635239399335147e-07,3.1175312396145816,3.581000341629036e-13,10380260.795639323,0.0018618518028779732,2.0136725135224944e-09
3.828383829188937e-06,7.0721525936528e-06,9.242871138842346e-07,2.9054586151553483,2.423162807495773e-13,20456742.39940233,0.002065444426496541,9.614502370353368e-10
3.4759427248142392e-06,1.31413856783603e-06,8.347153772209583e-07,3.616722267287854,1.5911446756232149e-13,17081413.309164505,0.0019219276837029158,1.6417407070782945e-09
4.140529825060994e-06,2.8602155934195052e-06,5.000072464071558e-07,2.991276616291904,1.5925175747003179e-13,37631578.84524087,0.00287214370185017,6.114850527205917e-10
4.128966735696689e-06,5.8638506894449575e-06,1.3161395814089726e-06,2.880479082399335,2.4222122530599993e-13,13370060.592471382,0.0013499798200187106,1.304107414218554e-09
3.510755846776758e-06,4.820515494112716e-06,7.650322262861935e-07,3.3591750501795667,1.926939502228837e-13,30050805.85431079,0.00332485305907802,6.991220429490084e-10
2.7262792934362324e-06,3.824743234491714e-06,1.1110870572457397e-06,3.471810960417707,4.36719044801039e-13,7510709.192105237,0.002020478946664852,2.7503556070682077e-09
3.107570865075203e-06,1.5058015123010756e-06,1.6058256998751304e-06,3.103341894589949,4.3498304382838826e-13,2733145.4053868256,0.0006158524115181705,9.159219528634357e-09
4.9160255022503275e-06,6.754441007088579e-06,1.472125772028676e-06,3.3910168850714832,3.996110714896923e-14,106504313.15097731,0.002587839839155849,2.3394354428217524e-10
1.385922727597833e-06,7.81654553203411e-06,7.060333151534906e-07,3.6616589674346156,2.58107725402343e-13,20756472.78292362,0.0038475706683741995,7.383455999537779e-10
3.310653493895439e-06,4.088697773095357e-06,1.6016649891936171e-06,3.0592077715851156,8.128382361205491e-14,26510463.550015472,0.0010546620489735893,7.716565983691654e-10
7.558240736598022e-07,3.6916696572245867e-06,1.6404082240302126e-06,3.052832341319823,2.2565064994659533e-13,4081403.3975100294,0.00046233563160825997,3.427034878339456e-09
2.964432978953689e-06,2.686539455665893e-06,9.56233076500809e-07,3.5237041437765617,1.4533584389899875e-13,22837536.896379597,0.0021929532077897976,1.0032267911760197e-09
4.417049752663917e-06,6.9926506935702105e-06,6.838948175780671e-07,3.029569675204197,3.5152607508992027e-13,21602052.289628897,0.0034914441570629657,8.607884244660725e-10
2.3586554631158295e-06,7.589785721501981e-06,5.753378257294903e-07,3.399642272979185,1.7506169598143118e-13,45595095.964476086,0.00479129803673061,4.434335055675313e-10
4.124302943038775e-06,3.6346110557237014e-06,1.5746046090227765e-06,3.0459672375232683,3.644276063000923e-13,6171316.42360224,0.0010883309733223936,3.732993395535057e-09
2.120662417004107e-06,4.452398204376073e-06,8.616285248629818e-07,3.1550392159966902,4.382898339179713e-13,8086171.736709259,0.0017997903346360534,2.1000911567676517e-09
4.433361226158291e-06,9.399605152796811e-06,1.050300953542904e-06,3.5938278881187085,2.928777760945235e-13,24963725.908191476,0.0048321433933411,8.390909045972872e-10
4.264188135756847e-06,1.396648431306019e-06,1.252456908925587e-06,2.9805086196257697,2.1596569592741763e-13,7085841.090270056,0.0007277510827055938,4.0350346152566885e-09
2.9107130449713357e-06,9.587887191174963e-06,8.641086004121499e-07,3.245893402022485,4.082664619721732e-13,15265082.56725285,0.0035149928321094323,1.0208947530414654e-09
4.099413885841758e-06,5.427716374921458e-06,1.5824604181952562e-06,2.8702869094272945,1.4332434586203457e-13,17855016.469108902,0.0010818588967763912,1.2517690273169707e-09
2.7125554941789054e-06,7.84748486597819e-06,1.636598199972938e-06,2.8641466628037215,3.4838590473622727e-13,6932009.177817295,0.0010126474214457914,2.712369343391041e-09
2.3897865223072112e-06,1.69331610750541e-06,9.436074574399811e-07,3.2306896951597155,2.0067594862664026e-13,10374127.165530339,0.0011530693641048017,2.47828601916675e-09
2.269113709820961e-06,4.827230881877113e-06,1.7972750661561536e-06,2.9553114677556116,4.955824867850836e-13,3361253.4445968335,0.0007400371272526716,5.833491422724555e-09
6.519616490753946e-07,7.649605024808366e-06,1.0644846374266903e-06,3.512340798378604,1.5405753848341644e-13,13383015.2496727,0.0013761176549801325,1.4651289542343185e-09
4.7869138083590835e-06,6.974404547237951e-06,1.4839433384191701e-06,3.423100274874395,3.8907960957180095e-13,11088360.756628718,0.0025791713888184986,1.6446074930022288e-09
4.786940122237837e-06,7.701509875890444e-06,1.9689135414097804e-06,3.6285468954830815,1.5989653498277252e-13,23171713.239065375,0.002472962739880591,9.750236404133396e-10
3.4925914376903903e-06,3.870955302334548e-06,1.1461372929472078e-06,3.4909356529207276,3.9609336959841827e-13,9114525.590912724,0.0022704085778065854,2.4655072629053705e-09
4.473320911745616e-06,4.18632094377023e-06,1.3886019598391682e-06,3.411838863645413,4.6360276704472067e-14,72375516.9942424,0.0020798036738741473,3.2680601384714697e-10
2.0233562554127585e-06,2.2692710397816976e-06,1.5938314824685206e-06,3.2984102767257317,3.070440595143462e-13,4555153.027779731,0.000784153737681632,4.790128540448968e-09
4.015642008096433e-06,4.5092469457597965e-06,1.407379225547795e-06,2.9793337463424057,3.0556009661345746e-13,8904684.590681212,0.0012410090540261665,2.489001413404588e-09
9.492368073560517e-07,8.469286188556041e-06,1.1003017293094886e-06,3.380029259987245,1.088667612596173e-13,22852207.802543275,0.0015440251032345406,8.424329465136125e-10
1.1891125129267983e-06,2.014685588558242e-06,1.3063865832698505e-06,3.0619480211040937,4.68632173479633e-13,2404470.0013916935,0.0005335285129624795,7.75602269154002e-09
5.947190496074789e-07,3.929808710097277e-06,1.2906978021684084e-06,3.508507307384126,1.8623070912360948e-13,6762540.318555058,0.0008348087721071493,2.330825542366919e-09
2.2397785355333655e-06,8.614194124963818e-06,1.5807336642458167e-06,2.87785523473926,2.085316647985546e-13,11279240.682207584,0.0010196558991242626,1.5179502316672215e-09
2.0991069094794625e-06,8.864447522951224e-06,7.331199292771358e-07,3.3470107738727997,3.2927453488559693e-13,18660977.330991175,0.0037055918736890363,9.580272669979865e-10
2.755558331618204e-06,6.614338222488426e-06,9.430460796449843e-07,3.6210872215626284,1.3767226307099976e-13,39166318.38749035,0.003584095594796495,4.1076362352451395e-10
2.5285805775212945e-06,1.7014896691888698e-06,5.430425210340503e-07,3.070059559042333,1.8433818979310805e-13,18691118.435900018,0.001744268509649487,1.361856780514672e-09
4.883521859067291e-06,2.460369104365841e-06,7.139191303806285e-07,2.9266259585495344,4.622360129119463e-13,8545174.669245088,0.001816106643722293,2.951229567046863e-09
3.013581959672062e-06,6.38806661742517e-06,8.643901903361962e-07,3.5821124380257334,1.3795863917469853e-13,43461532.643114,0.0038520691912981727,4.2895275483507324e-10
3.909947027021954e-06,5.749978514208779e-06,1.7499715790357462e-06,2.8523194623330217,2.664427047762562e-13,8690815.002758423,0.0009424545922812637,2.0461560308076213e-09
3.7136144938116946e-06,6.130224918122411e-06,5.245227418579375e-07,2.8833582783891045,1.9251566132732753e-13,41156866.291579366,0.0033121216702234188,4.764173005383948e-10
2.2794350314845836e-06,1.08656866637284e-06,1.845426699355854e-06,3.678833539908243,3.2055881409760456e-13,2980590.2527743974,0.0007007456235599305,9.159847198405383e-09
3.7991228103235256e-06,7.490010299129779e-06,1.18227924148672e-06,2.9391795395240847,2.767201123200281e-13,14612362.969626956,0.0017348676009051281,1.3766769036151607e-09
2.2059975185676644e-06,4.677735026527405e-06,1.1578072468098113e-06,3.3063017901810428,3.529682903459185e-13,8339015.938186644,0.0016383898223913179,2.0631833376336975e-09
3.231294551223078e-06,3.0602542619341903e-06,8.825073535254887e-07,2.8568325405678197,1.6862713077281036e-13,17651540.899028525,0.0012923286884944643,1.2997937396582154e-09
4.674316812486977e-06,1.93386073508697e-06,7.832322387607256e-07,3.2918021129267308,1.3960984463847014e-13,25864934.80101387,0.0021034446837391962,1.0941880046874176e-09
4.767646593343512e-06,1.7373496820993077e-06,1.2216282705732161e-06,3.4375145799327758,2.7688694686034203e-13,8362192.328578266,0.001478257440831433,3.3593430058260488e-09
2.2705378762045935e-06,8.016012996563175e-06,1.6963206090025363e-06,2.9743143929780214,4.552351138468103e-13,4946797.433236167,0.0010608249831681469,3.980440268025545e-09
3.7818063311211093e-06,2.880363604342514e-06,1.1873815097003942e-06,3.736917274352067,4.2242464031734236e-13,7918605.956961065,0.002472538630237863,3.1622954560065897e-09
2.578134194426725e-06,5.708417247354934e-06,1.2079920706057585e-06,3.1617778031533468,4.0415557964068133e-13,7826627.1742931055,0.0016121966827782463,2.186291608278699e-09
4.906681413985715e-06,6.280453624464574e-06,9.284590494301165e-07,3.497454211779357,2.973904939679462e-13,22835200.94369926,0.004242182092023392,8.957698024952859e-10
7.194160622009737e-07,5.018164619169253e-06,7.962852998883772e-07,3.2206052723014107,2.0719523005808233e-13,10779254.635326674,0.0012425317769449511,1.4622038227510656e-09
2.079607760072328e-06,4.914562682499899e-06,1.0119848884656712e-06,3.3844331078842558,3.8850722866236543e-13,8899150.60789484,0.002046047781374052,2.3811664250322853e-09
4.6357607230655575e-06,1.714550561444352e-06,1.6983041012419612e-06,3.1174234956753164,1.4665992688644957e-13,9680891.31667504,0.0007391831902830114,2.869923253403522e-09
2.194055763305758e-06,4.20838222557062e-06,5.114363262473469e-07,3.686488438818009,1.0050837675499027e-13,72633226.57961285,0.0050355868752266,2.6898268995886785e-10
7.131326516014158e-07,6.8923455719187685e-06,1.258757956924554e-06,3.6738998709586292,3.293413396667959e-13,5760384.21531059,0.0014006430597347818,3.0990076026676667e-09
2.4608945240051297e-06,4.9079606747842455e-06,6.452416280866483e-07,3.013780961682853,2.7274797948103086e-13,18352949.055696346,0.002264957529998677,9.49905384536697e-10
7.730903126865211e-07,1.0713021764409188e-06,1.4548141043788096e-06,3.616990124011916,2.349816619047014e-13,3175429.682848124,0.0004976979620590883,6.771883865190953e-09
1.9738914897186573e-06,5.609967297499006e-06,1.0218415168918384e-06,3.3622436755296223,1.0570186337764525e-13,33044311.871141303,0.0019847815213133863,5.271040343796334e-10
1.3010685797291304e-06,9.044137852329968e-06,1.9633887046568785e-06,3.539199690780214,1.1455187519884707e-13,16318839.73799103,0.0012716636676462236,1.0182342509295316e-09
6.802704109926823e-07,4.179108390178348e-06,5.012856256282274e-07,3.500987288841831,2.024640089632314e-14,175635417.935233,0.002375364271023738,1.1705060500790354e-10
4.60162861797689e-06,6.450771399279821e-06,5.628503991547235e-07,3.702670298035173,3.759069766493879e-13,31729403.233316023,0.008372934850651576,5.73140381745275e-10
2.0118802054220518e-06,4.20185480145234e-06,1.9636469313243757e-06,3.3377422921710242,1.7582292012282232e-13,9028198.60098187,0.0008794999435607287,2.022956217950673e-09
2.1139009444983127e-06,8.585327670277676e-06,1.9582512710690843e-06,3.3682938263510085,1.5113680920526745e-13,15195309.750611302,0.0013988594365132436,1.2058304883661198e-09
3.9576642770501835e-06,7.790376264966451e-06,1.3079010027045921e-06,3.646013510396971,4.003402913065979e-13,12882986.047216864,0.003540672279258778,1.3126727320454797e-09
8.868261221006081e-07,9.547634642252667e-06,1.1314333279899172e-06,3.706944338430591,2.7921960606323845e-13,9880729.470808072,0.0021037182145057496,1.977378209954414e-09
2.3436251309836596e-06,5.157065247230182e-06,1.433952573136902e-06,3.746129132387077,3.974994393155148e-13,nan,nan,nan
2.484005230643124e-06,3.5108659860045475e-06,9.003721903476776e-07,3.2082845055142144,3.661990234588181e-13,9054784.529447833,0.0017257922146256914,2.294720567779709e-09
3.984566444814035e-06,5.9540272255014105e-06,8.54397870579276e-07,3.557549790152568,2.91329753221553e-13,22868615.048180442,0.004286356660167935,8.204480955060491e-10
4.5267397303344765e-06,2.774246030637758e-06,1.0681849670222018e-06,3.4405382575838876,4.3841004378728924e-13,7947554.844814697,0.002204506422009794,3.1669366756605505e-09
1.8703723733217967e-06,6.965143832347258e-06,1.664278678266224e-06,3.4435995209253845,3.930371394127151e-13,6053451.08794057,0.001516856063472213,2.7631510995888944e-09
2.429931442341361e-06,5.3813900796755265e-06,5.36581304913653e-07,3.7139812932086733,4.733648848897188e-13,17728185.599306405,0.006068971635944743,1.1592328374627572e-09
3.4628812536573357e-06,2.3229667642732924e-06,1.691439183754572e-06,3.111632884332799,4.933954952009053e-13,3124603.2898423295,0.0007894563723944398,8.144043101505537e-09
1.5335337731157257e-06,4.375386132904759e-06,1.2107025535008757e-06,2.880324795801666,7.629377625266523e-14,24104994.582359076,0.0007681780501512448,7.844223637226025e-10
4.967167803206913e-06,8.127340256806419e-06,5.945658880030249e-07,3.2878837272316863,4.488695286424971e-13,25021266.966811836,0.006170376336786826,7.35995062087855e-10
3.645148836653116e-06,9.513226732414799e-06,1.3566245390385062e-06,3.007443171276911,1.754674179801632e-13,22658929.481336385,0.0017959007031210737,7.064602069305536e-10
3.9990629160808985e-06,4.789868163831285e-06,7.985238561799522e-07,3.689115723990793,2.173469271763558e-13,30719993.41700292,0.00468386622561369,7.612531639925209e-10
3.848868753446613e-06,6.824067468019059e-06,8.522132760020515e-07,2.8553588069152482,4.5332059674726985e-14,113474235.13930131,0.0021829500502137016,1.852226266384379e-10
2.2295290021551887e-06,1.0525293485616381e-06,1.9178402513203937e-06,3.593136393956871,1.913577162691241e-13,4522066.388246933,0.0006042635517214074,6.139535922263007e-09
4.8876910594794525e-06,9.026579197906619e-06,1.6709271776504097e-06,3.661931638842426,1.5295833667014257e-13,31668971.68484781,0.0032652796123530574,5.864413756580941e-10
4.7383302878705765e-06,8.175520932495524e-06,1.5623648932367577e-06,2.991124304794076,1.0765735764582356e-13,33937093.044669054,0.0016572653504248263,5.218435568187296e-10
1.3055042651797507e-06,6.116095488362171e-06,1.6754077478651102e-06,3.7170410300627714,2.880240756770499e-13,7005882.09190825,0.0014937478501925751,2.0470919414087008e-09
2.078709428244934e-06,4.0755904090990705e-06,1.9350438501820987e-06,3.3532240594463554,2.009640453390463e-13,8080936.313855186,0.0009104755642094169,2.203733329207662e-09
1.084610139509613e-06,7.307570068336355e-06,8.240132270224424e-07,3.2729505073880705,2.426082842378747e-13,13553361.922512475,0.001886561117761629,1.1674056959626225e-09
3.3018780199290606e-06,1.6699500942964051e-06,1.1813876700000726e-06,3.305823870468217,2.842915201096163e-13,6793014.944958514,0.0011390157541458228,3.882900528350344e-09
3.7774728456698145e-06,7.435758831584943e-06,1.495323615333989e-06,3.1481401778595397,4.816980171455279e-13,7294303.376235896,0.0017595738119713094,2.680641061795253e-09
1.1644663905136248e-06,6.793678287826653e-06,1.6911217150131183e-06,3.628511052165933,3.0369111310796495e-13,6193226.741020724,0.001323809717465926,2.5566847827189858e-09
1.0238266643346102e-06,6.565102700026329e-06,1.4649855471919484e-06,3.2351103454542898,2.038668824288671e-13,8272922.733550453,0.0009439068306358319,2.54616522550192e-09
2.2322196051032523e-06,5.1135050012068176e-06,7.3535465734589e-07,3.604184608751918,2.602028055754451e-13,21060811.833962366,0.0036430828032109975,8.573217661407106e-10
1.9299890591326263e-06,9.771646116460997e-06,1.3299237460387061e-06,3.547666571630157,3.5193181372666854e-13,10388287.061542712,0.0024387620650355452,1.8910389974279144e-09
4.801139266199906e-06,6.715194832349151e-06,7.877104875622179e-07,3.589306619558399,1.832601338177747e-13,46432192.743527316,0.0055972264264332406,4.5789609959975526e-10
1.4183761348760204e-06,9.274294077380028e-06,6.950919705600993e-07,3.1818870342425125,9.107174511618744e-14,53090573.09258902,0.002662903375957311,4.437955754563153e-10
6.594781609449694e-07,9.617565336573851e-06,1.079983715476397e-06,3.748433759128454,3.0806781849609187e-13,nan,nan,nan
3.112411862629773e-06,6.422086829803054e-06,1.153284762577541e-06,2.993745978133449,5.889390469518807e-14,60331625.360848,0.0016393843469690755,3.5242107487691246e-10
4.3130195363192245e-06,6.282926747186656e-06,1.7271101300683861e-06,2.8782075218557965,1.6977450488104115e-13,15368581.529530225,0.0010946412878311631,1.2173564115940064e-09
1.063792787084068e-06,8.795419067944803e-06,7.747877940146236e-07,3.4374781371220173,4.736620084406703e-13,8371754.264603372,0.0025343933323715316,2.7684954589778895e-09
9.895897117430536e-07,5.063513193551247e-06,1.043323338421836e-06,2.9717020107937397,4.4638603956790344e-14,41196303.07915063,0.0008577839948842817,5.521673030212335e-10
2.153695897339346e-06,1.1399439611482668e-06,1.317111086901286e-06,3.3081116491683504,1.323750993303214e-13,8789232.329474365,0.0006843565258274213,2.9366862766826712e-09
3.261279221928464e-06,7.481904853445725e-06,7.985102420261237e-07,2.8968844617475193,4.3972305879512667e-13,12347852.68164274,0.002308992850633461,1.390460250436106e-09
1.3884062510603477e-06,2.481146681832748e-06,5.811895448403593e-07,3.4766029500059794,7.57140127230889e-14,47828555.43314416,0.00223763922505843,4.0198055917749493e-10
3.4991029016361636e-06,9.194041277324527e-06,1.4692081790999566e-06,3.3508837836692194,5.2732344820806125e-14,78288182.4199843,0.0023862196502812106,2.5543037213883927e-10
1.8380838684124023e-06,2.3482972260187287e-06,1.57056513318951e-06,3.2810474420095357,3.019550597577326e-13,4553146.949923621,0.0007532760511184841,4.3900825761811736e-09
1.8786901148879606e-06,4.948153964028713e-06,5.502792905255628e-07,3.3667690014513085,1.1055168904044692e-13,54017392.900121905,0.0033907014204028717,3.792196236821182e-10
3.0921429928296642e-06,3.314680017592883e-06,5.856516769455365e-07,3.249850785678512,1.904759068441217e-14,291017751.78697336,0.0031043915423192812,7.907427380480377e-11
4.9062276699748875e-06,9.051870038803664e-06,1.698226348275242e-06,2.968388709694397,3.7948189486783544e-13,9426267.619878154,0.0015503306417933246,2.073487942997877e-09
2.634442814847814e-06,5.5903538238564864e-06,1.2820783668485371e-06,3.435405543316438,2.504927716133765e-13,13356537.063093768,0.001995449660284604,1.349089136727502e-09
3.8008642922258994e-06,9.416602990141642e-06,1.0489445463072572e-06,3.4987945488160883,1.9128238808790068e-13,34048808.73517712,0.0040334110662575435,5.602405501031886e-10
1.6777660996794888e-06,9.867071963514868e-06,1.2208546486422935e-06,3.4614785499678646,4.687356617067155e-13,7522687.994358157,0.002246321320499846,2.006629521147771e-09
1.3334351849268507e-06,1.5467844346167078e-06,1.3211275437735204e-06,3.4111357131502875,2.9485651841543445e-13,4024990.6612239364,0.0007126418212157604,4.871525125798147e-09
4.583723920295742e-06,5.723742628467696e-06,5.909486631425111e-07,3.590043920085786,1.612062230588028e-13,63244674.820821814,0.0067638810645918685,3.422792058224254e-10
4.315296753511561e-06,2.4894288139184222e-06,1.107918288978751e-06,3.2213501321479137,3.6914120873374683e-13,7622176.584101792,0.0015709466221317814,3.273294758041376e-09
2.7621346724915254e-06,3.1831595832455336e-06,1.0318168030638863e-06,3.4032190879090587,1.3644784659953874e-13,22888124.11763808,0.0018907913671253292,9.280606980807206e-10
4.574908748815784e-06,1.3380227163778448e-06,6.888582900428643e-07,3.2723163915511844,8.151317325525696e-14,38989835.495195135,0.0018225942782643281,7.99434623660478e-10
3.128430155104573e-06,4.547232159838357e-06,1.8377836579274197e-06,3.0610194276130627,3.7800259841128603e-13,5139784.385654738,0.000915070995651149,4.056782541544822e-09
2.1084763295254215e-06,7.596016849824672e-06,8.24712164969122e-07,3.012312155513393,2.3165381694373755e-13,19042371.112215463,0.00210231977596808,8.749834963633758e-10
1.6647506263760665e-06,8.13603943719447e-06,8.025912709912094e-07,3.5276254645705176,4.2301608669926454e-13,12033377.184595397,0.0033593062438558976,1.2063323572604755e-09
3.7921752708114755e-06,2.204678940375507e-06,7.701013969495511e-07,3.627418623328631,4.940418106820634e-13,8552127.895108387,0.0029783460593564596,3.1911367709992024e-09
2.497309348903368e-06,6.9453643346987726e-06,6.424410513342703e-07,3.1325979885064164,4.575372092406321e-13,13844723.446329728,0.003271846809236892,1.3623200613137557e-09
1.4170614437492527e-06,4.534509431482588e-06,1.0414017255511399e-06,3.117962244425347,1.5088601091120977e-13,15476631.523137594,0.001148355131029065,1.1540209882473732e-09
3.8168154269823925e-06,5.321102030344237e-06,1.3709505071126901e-06,3.447619060747396,1.0984582926219276e-13,33372028.712915096,0.0022619434199041403,5.875532262642036e-10
3.1425962386423838e-06,5.928439190158901e-06,8.54894013240396e-07,3.6909830015357086,2.1697427652532148e-14,284583753.1972294,0.004520884798781613,8.530400646117532e-11
3.7830614758009852e-06,7.521983642770577e-06,1.8250893258303178e-06,3.0431564760152763,4.252618133643382e-13,6490105.083834013,0.0012852652617248573,2.5658342625482692e-09
1.2539941951498706e-06,6.068369528858409e-06,5.883122283418949e-07,2.9588549737856407,2.00497087625893e-13,20210655.974487968,0.0019073175967278884,9.467691084134386e-10
3.155410318789947e-06,6.293999387191235e-06,5.886294854826527e-07,3.1842320034914144,4.3657071306565763e-13,17463178.569845676,0.003923055253591828,9.4995177714267e-10
2.221299732236663e-06,9.445821332950892e-06,8.511310478090006e-07,3.228599164095517,1.887807286336233e-14,279129808.7233558,0.0029877627421529985,7.342208826273785e-11
3.6949521472791125e-06,7.671505444828476e-06,1.967382856792181e-06,3.083484221156991,4.462452429652843e-13,5830231.477061196,0.0012592418984941388,2.8548980030374423e-09
2.5728606198884905e-06,9.022788322330897e-06,7.03352619318446e-07,2.8581432920884664,4.377442187733314e-13,13234179.157452034,0.0025131583139053584,1.1789832327851727e-09
3.007682444663879e-06,5.516252220184477e-06,1.6808421916710546e-06,2.9941773921509123,2.356122139641559e-14,93963802.71835305,0.0010597282775519276,2.0867443174928387e-10
2.1708724185622223e-06,5.858550394421833e-06,1.0448436557550945e-06,3.724021477867038,4.9953029784327645e-14,84200780.32398589,0.003034198677958616,2.3776465899636717e-10
4.8562938609505986e-06,7.93445206955452e-06,1.8648017255061692e-06,3.7039651871902683,1.657310359757658e-13,24816550.17727262,0.0028599251110396806,8.073439466138616e-10
1.010471585130705e-06,2.2335482700295448e-06,1.491815935794368e-06,3.3305559935215907,4.745647613223505e-13,2277030.1323855612,0.0006196350973648435,7.42715646451283e-09
5.290220667896642e-07,8.27933424397787e-06,8.10816572861656e-07,3.3989344470120755,1.1625210154910326e-13,19802524.382756304,0.0014794979155240795,9.901688672747962e-10
3.9214766340443585e-06,3.1548543133447566e-06,1.693592952389587e-06,3.6879720617484337,4.830937332654423e-14,50970401.82536123,0.0017941030045849277,5.019710571955962e-10
2.7786964955191065e-06,8.11544883946243e-06,1.3479084768704234e-06,3.4593956133926653,7.499500153063247e-14,52331354.089653395,0.0023942399945217955,3.581163234598394e-10
7.088366394531884e-07,3.2964577595320505e-06,9.155253945308984e-07,3.018379352271105,2.884225142487957e-13,5179209.8774146065,0.000731952836884849,3.3952008207578752e-09
3.1993187830439945e-06,7.335513245976729e-06,9.101357876978175e-07,3.6549182016937856,3.4506624973681936e-13,18768962.524994005,0.004486450334774564,1.1393692181860088e-09
5.221471898425325e-07,3.483509554602661e-06,1.5268135515908636e-06,3.053678332202599,1.6804281676250422e-13,4591819.545394606,0.000386836193752696,3.459917583181995e-09
1.6882547041133711e-06,8.995116123902912e-06,1.820050093244136e-06,3.1255270808703357,2.299618396899945e-13,8652172.563167257,0.0010434543861248655,2.246828034050928e-09
2.10056158174359e-06,4.162772707049904e-06,7.566151000382368e-07,3.215031527453145,3.6172674150150686e-13,11021048.096155131,0.0020892748573113442,1.8073279647721475e-09
2.6005583993809252e-06,5.727035384250887e-06,7.648659115399671e-07,2.8552758010762402,2.0019544620253654e-13,21608061.701612774,0.001729082139984768,8.424116831033362e-10
2.3292821980689645e-06,5.117016457559902e-06,1.5564589839198945e-06,3.0115234244211377,2.2131441083684308e-13,9289016.426913356,0.0009228796071745426,1.9465085006188912e-09
2.047877489450947e-06,2.011927892369907e-06,1.7447300746350388e-06,2.9609804898068637,1.1411414404604256e-13,9002628.599241685,0.00047505869267264867,2.35517652453627e-09
4.417520002320708e-06,9.469902352275745e-06,9.238647138156908e-07,3.692008983315062,3.3218078847925084e-13,26021029.14217588,0.006086124332568994,8.007336755665516e-10
4.408489658081868e-06,8.053287709461006e-06,7.190358783423179e-07,3.3372149102816766,4.598331420297049e-13,19377563.271052107,0.005061367178810503,9.925912270805199e-10
3.713698392084642e-06,3.229611061185467e-06,1.3143670824665585e-06,3.237435680629278,3.6708545923959533e-13,7149790.664031653,0.001440040946805043,3.219536016325881e-09
3.868990340170228e-06,1.81506726499566e-06,1.1382508944418672e-06,3.0598423506013437,4.8158001463609963e-14,41613369.41025525,0.0009947298713340225,6.185759530168403e-10
6.283735875603798e-07,6.223687709331854e-06,1.8015294176052354e-06,3.266908230608889,1.8327794810814793e-13,5446642.902241202,0.0005735267471439878,3.371751241619598e-09
9.942604725093907e-07,5.252617306643014e-06,1.2974483153741113e-06,2.8870071818945533,1.8162204416213015e-13,8009457.89192263,0.0006540001143329861,2.478020196385195e-09
3.099598528068927e-06,3.6835174496991525e-06,1.8836322040203313e-06,3.590810798622902,1.665447786197501e-14,126000071.75889671,0.001442970752087395,1.6168074187010998e-10
3.2347950451954915e-06,5.46304488897667e-06,7.7562780638112e-07,3.414651303476477,3.389860778350665e-13,17716320.728450976,0.0035402726702573883,1.0921827929143108e-09
2.4798993114181165e-06,8.049838204952494e-06,1.1838264322721934e-06,3.0820646262093323,3.810856569393974e-13,9365038.184299054,0.0017832703630056106,2.109212754083374e-09
2.9010544722155962e-06,4.727370613800575e-06,1.1598595082995792e-06,3.72423994752171,4.3807452179478075e-13,9091328.03900228,0.0028458811573771415,2.0788895891041316e-09
1.2359865892208019e-06,2.504961622156921e-06,1.889972144780141e-06,3.3602197401322655,4.4954754762990206e-13,2250540.744983552,0.000586799870711895,7.424496741528059e-09
4.626405063639757e-06,2.179117871101694e-06,6.366098312802738e-07,3.6954668746774333,2.249593758260069e-13,24964605.050180435,0.0041555167758293085,1.1074063064028942e-09
3.6172627496043122e-06,5.7578238497819e-06,6.923253797710145e-07,3.6988157742795913,2.015561935546478e-13,40325490.80899022,0.005629969860580871,4.86239416902035e-10
4.802849672103286e-06,5.0000600609342496e-06,1.1862361273764617e-06,3.5192581906048317,5.172818795028021e-14,90355819.14121148,0.003078007700054986,2.295300349186538e-10
3.50922777936374e-06,9.842742744125052e-06,1.6601526761569803e-06,3.587554417091772,3.1860639391623683e-13,13098393.955958365,0.0028661828238958197,1.4652042906545837e-09
1.8350040875719271e-06,2.218243538492624e-06,1.2173616550846153e-06,3.081518855541763,1.316262419284411e-13,11930558.895960715,0.0007729914997177654,1.5556355830654163e-09
3.86027325054614e-06,1.7024595225115017e-06,1.433535449873593e-06,2.9417678786562584,2.8567694839915733e-13,5042581.072708992,0.0006694017965712544,5.376742181511431e-09
3.8688720667012616e-06,5.408136023546504e-06,5.706479672692941e-07,2.8777214797391384,8.944977432255048e-14,77342539.58894221,0.0029660223256967144,2.628595786594635e-10
1.418022833578315e-06,3.787590260078668e-06,6.048117253718782e-07,3.083941487065313,4.3650422643212285e-13,8402334.532080606,0.0018070626941682534,2.172214439179764e-09
4.377963953787042e-06,8.654613710321817e-06,1.2574055327168944e-06,3.089935809691264,2.9216538499875423e-13,16144090.660787594,0.0022567657547523283,1.0688680240338374e-09
1.6608796838891853e-06,4.6745449542081525e-06,5.305582922800516e-07,3.4797161068591507,4.626219593694976e-13,12838269.018709855,0.0038311797527982114,1.4465708177663194e-09
2.4540559173455865e-06,7.679232726102924e-06,8.979793445232243e-07,3.1636136991583643,2.660534985201614e-13,17835992.02344164,0.0024787288768709573,1.0921891785752097e-09
2.9266555919805904e-06,9.979041481846524e-06,1.539784815666438e-06,3.6646139588884448,3.7599117981181546e-13,11210450.108237408,0.003051331947772148,1.4447137715843231e-09
3.1376280242786987e-06,5.756755514171508e-06,6.757118572272779e-07,3.2508270289941184,3.879523397154943e-13,16812732.538546696,0.003440549140534998,1.1614100929624727e-09
4.67054171974785e-06,4.648410594738969e-06,1.465769881043933e-06,2.9736650653786647,4.616751904897788e-13,6138909.809238427,0.0012918437676723736,3.2726031682348995e-09
4.78653435649009e-06,8.955421400231172e-06,6.233436579502425e-07,3.438111993859541,1.5414414882978433e-13,76132906.8442946,0.0069565184401904415,2.7129102683396376e-10
4.086402397654147e-06,7.254812191043395e-06,1.268788403638261e-06,3.591334545088738,2.2783706589613423e-13,22355176.857922953,0.003323703164647001,9.036037859562157e-10
2.246446608188544e-06,7.973888059830654e-06,1.12401686041701e-06,3.72573137962229,3.109258434782439e-13,14832810.682092078,0.0034620330620729863,1.1627902442745622e-09
7.881302035870168e-07,6.114184644755181e-06,5.078274513200723e-07,3.2276562340222203,4.924847317484702e-13,8130917.642560126,0.0022502589457183966,2.671447251496435e-09
3.982593994909055e-06,6.182020660517273e-06,1.6815457294004637e-06,3.194345366678596,2.7791282959405943e-13,10691541.476552913,0.0015245356967997727,1.7722100960184026e-09
4.760679483560655e-06,5.01474092272932e-06,9.802500324028673e-07,3.3212627971724595,3.472542414861441e-13,15032515.4602503,0.002977244287487561,1.4312420753213848e-09
2.5292327038587805e-06,6.071908132740249e-06,5.510774663566188e-07,3.4858428557535297,4.858716587618382e-13,16686877.17949047,0.005172022019471705,1.0845649089653422e-09
8.869466225593088e-07,2.5493837034739577e-06,1.660490142292771e-06,3.1955163103067843,4.1703582009341454e-13,2177883.000925143,0.000489404260959932,8.694250135751554e-09
1.5078213177332658e-06,1.0777651473646394e-06,1.9923895567937897e-06,3.454361013725669,4.0387205210412947e-13,1700793.88599705,0.0004335938306444224,1.4412213183726808e-08
3.7581061598807106e-06,4.809279407817612e-06,7.411701867216033e-07,3.1725845468675447,1.4522506039212714e-13,39113875.61251322,0.002951847186074199,4.643736054593623e-10
4.713048118096479e-06,6.960251755773601e-06,1.1278236833776292e-06,2.876840831228581,4.1800478201897143e-13,10515648.701445421,0.0018198224478536437,1.9440304860419944e-09
1.5191469081704475e-06,2.543079353465299e-06,1.4468886341298575e-06,3.695394817550199,9.013416172993245e-14,18547919.906511337,0.001173855190168462,9.70190332807228e-10
8.554825645820754e-07,7.06974614003849e-06,5.293313852041918e-07,3.088478947227926,4.152123460308327e-13,9640923.169582235,0.0020513722151182475,2.2699825613604125e-09
4.846772892050552e-06,6.327217715379849e-06,1.7143448068197034e-06,3.5493270359373477,4.45724522397789e-14,83864327.38575321,0.002476085976562588,2.8618592016302183e-10
2.210440986231311e-06,5.3879357836431144e-06,1.1456709561051805e-06,3.072136429576003,1.1329982593394739e-13,25191785.772922885,0.0013424046668589905,6.454072310430173e-10
2.086376639399852e-06,5.795396171520208e-06,1.1321355221951988e-06,3.222057108553426,1.1490551646642936e-13,27040800.909770433,0.001613869612142524,6.535374991060794e-10
1.5865667007205858e-06,8.078899531273881e-06,1.8368820816249204e-06,3.2262280239985257,4.2491372683381896e-13,4479108.662800824,0.0010469511463414207,4.1679032423650645e-09
3.4171327253122188e-06,8.116401567425164e-06,9.714990838521356e-07,3.356685066498238,6.134205622461008e-14,95058439.19791618,0.003365124821004225,2.336002388662215e-10
2.6558527468500032e-06,5.590049537455046e-06,1.7661426079723455e-06,3.203951559363662,4.3809357198445264e-13,5059483.389057079,0.0011628683803594452,3.335795125389432e-09
1.958475110361792e-06,3.7610596562949755e-06,1.8155259032950536e-06,3.0041881492331064,9.503257622398875e-14,14553377.50076598,0.0006280254162353767,1.3484114255074794e-09
2.8482338242397243e-06,9.702909220112228e-06,1.3327748382390867e-06,3.275998933599055,2.7232234974878507e-13,14901672.459921021,0.002320529942906523,1.3984151125812338e-09
2.7223596205460305e-06,1.7168898848059639e-06,6.031257097379291e-07,3.110439408491099,3.2281693291531246e-13,10143616.29025323,0.0016967739267205577,2.266855680507547e-09
3.5312099856598406e-06,3.257334031275591e-06,1.918972530992559e-06,3.4757657515468354,3.013853073461614e-13,6482035.495458453,0.001237794209961778,3.768431340875505e-09
4.648576096538718e-06,4.4147222512669295e-06,1.1674333606462941e-06,3.4802100371431015,2.676136809680671e-13,16091129.356398474,0.0027338776516363135,1.5382704328915107e-09
4.094049333070073e-06,2.0441765670237695e-06,6.676524002254746e-07,2.882472961313962,8.684946637345319e-14,39633813.99931093,0.0015199392335067047,6.46827852584547e-10
9.67633982537113e-07,7.599037540294297e-06,9.528273670727794e-07,3.5769936689309425,3.7366478115553387e-13,8134790.649108367,0.0021152112235069717,2.140318399824201e-09
3.8122247501643395e-06,8.052487304406178e-06,1.7320570577803574e-06,3.5690005188106206,9.00914183015113e-14,41606145.14476228,0.0024210827919038816,4.712727667760051e-10
4.776915810729378e-06,1.9089704609221722e-06,9.284891981630866e-07,3.2165889946847948,2.194216306224416e-13,13419562.054714061,0.0016396108954991042,2.0851820455714118e-09
1.800476181395328e-06,4.749066375844843e-06,1.3208166224401612e-06,3.078719480228822,4.744193084526073e-13,4458906.75228271,0.0010400496117463974,4.024301523457299e-09
6.21966162075996e-07,1.7863613238559267e-06,1.278770237104949e-06,3.7193642993206577,2.077718558908567e-13,nan,nan,nan
3.3477405241871377e-06,6.955585793050904e-06,1.254949560473088e-06,3.357824934642904,4.649872500976722e-13,8973282.569213578,0.0024234864751117337,2.2021512916259534e-09
4.605357653133405e-06,4.948016388131819e-06,9.712639992415953e-07,2.968272077886269,2.294665658563351e-13,19136926.9443602,0.001991560459301859,1.1769979214923052e-09
3.9944010790021324e-06,6.629503789095202e-06,1.7676128942652435e-06,2.9542167753284923,3.5419418884333296e-13,7412587.173952943,0.0011433110947161459,2.5591180885747857e-09
1.451258555703035e-06,3.508449424335756e-06,9.450402474009448e-07,3.7119844798733053,1.7556475542269802e-13,16841077.480902273,0.0020687628808466257,1.135113433444629e-09
3.7604810633609994e-06,9.367327457355087e-06,8.716891890274804e-07,3.235754868844663,2.1029149404865815e-13,33156224.45346237,0.003663162676943214,4.699311667331597e-10
1.176750734773841e-06,1.916604443161954e-06,1.7243773571910308e-06,3.000997846284116,1.1808200745339927e-13,6788033.552689701,0.0003666394706350894,2.9277402414395895e-09
2.7413903232103643e-06,1.7687285735641378e-06,1.755105294872111e-06,2.9617720983013736,1.50900568226541e-13,7086134.845564064,0.0005028578667842594,3.5840071923898356e-09
1.3801571672300225e-06,5.816469553762415e-06,7.767707814208298e-07,3.6057862185659673,4.59099143584881e-13,9201799.207052806,0.0029230619663023886,1.9431260741350632e-09
2.827372057441946e-06,7.274263443712771e-06,1.9772523534732906e-06,2.9444210010470626,2.480726583083466e-13,8269253.694860554,0.0008867188759079242,2.2560132431132372e-09
4.34813468770972e-06,8.93155604978954e-06,6.681604983556381e-07,3.0962237247350854,2.1538600162296814e-13,41777571.550555274,0.004266586219900628,4.285570464064647e-10
3.7764111149834208e-06,4.936497076876716e-06,9.781157071574095e-07,3.513134627315714,1.3085439622498498e-13,38567598.95207091,0.0032172742860562768,5.605507562173665e-10
1.1145640381197794e-06,7.302183542187639e-06,7.239962164367856e-07,3.0408405247027277,3.104978048265232e-13,11030275.55326732,0.001681336623693901,1.411797550294983e-09
9.498305887843335e-07,8.727194576252388e-06,1.1287158914029658e-06,3.6827144404653485,1.1234369712726624e-13,24593826.609471124,0.002048041837167449,7.456207235968973e-10
2.657060443578795e-06,8.706447068776142e-06,7.237729986482898e-07,3.2491489795685955,7.880148775255132e-14,85530428.16021913,0.003623651515225986,2.217617418540275e-10
3.03801290868642e-06,4.8379255633991435e-06,1.8581430072392041e-06,3.393031507723438,2.8826004651231235e-13,7846582.424505008,0.0013141528613105932,2.4485899702471663e-09
4.881803354856465e-06,7.0438666027412286e-06,5.94214613972093e-07,3.44469373837836,4.1736577346225326e-14,263209933.5529247,0.006867588888210115,7.449507270709151e-11
1.1970620860958547e-06,4.5026404024935616e-06,1.1833971241312597e-06,2.94739060397196,4.786715960221318e-14,35784566.387036204,0.0007739074826995243,5.704157369791552e-10
1.16626550362419e-06,3.6709315740712366e-06,1.9092828657429903e-06,2.9235054701519108,7.904104243647507e-14,11981253.767464539,0.0004086371451383503,1.6081623777571885e-09
1.0841626818661973e-06,1.6667859723918898e-06,1.80675064052094e-06,3.080209138142901,8.349153866621894e-14,8509602.48008368,0.0003474545457870433,2.5468837868144124e-09
4.351154112834409e-06,4.356094499867249e-06,9.359916302419242e-07,3.6709051829423123,1.154446757103301e-13,48180439.6288832,0.003974854691414215,5.012637204272901e-10
4.431800276445508e-06,7.282536512984719e-06,6.293195871425451e-07,3.231742662440042,3.0941656135019577e-13,29905098.531593334,0.004859028094873395,6.4392915303418e-10
3.061627584204229e-06,5.2557238213139835e-06,1.7498019667125155e-06,3.4674213684319133,2.3057540517300987e-13,11237021.50207507,0.0015697884553704392,1.5151946002835276e-09
4.5453982383646006e-06,6.413708877257743e-06,8.727460586340168e-07,3.682407420992761,7.554130265599976e-14,99978780.08759539,0.005334335541871527,2.465320354627931e-10
2.5796729937545376e-06,6.326668881243699e-06,1.3453727440928366e-06,2.8942761039715927,4.886462333823245e-13,5380745.70308995,0.0011253283861701081,3.2268975367307683e-09
4.340799768471001e-06,3.4244404873417327e-06,1.5429102585518939e-06,3.716929703107646,4.0204022966771976e-13,7437858.045371856,0.002192736636657251,3.072496979333447e-09
4.86787567631948e-06,2.752740854830388e-06,1.0643200697543163e-06,3.5524982795325517,1.2447917923689237e-13,30092930.2690433,0.0025506257601862208,8.979455263758648e-10
4.419899875306298e-06,9.115904537808967e-06,1.8349480338870037e-06,3.0265342231423222,5.177939182038966e-14,62171300.88649909,0.0015251642103062824,3.5103735573361776e-10
4.385422965514395e-06,9.453176539419421e-06,9.6420065154417e-07,3.666281849255683,3.1085421677395296e-13,26263017.371821456,0.0056454487004154175,8.004765490427198e-10
1.2487815737286548e-06,6.216203761193027e-06,6.62341266418371e-07,3.4578844460178737,2.6871214006072236e-13,16872430.026235215,0.0029046916787046394,1.142975796759015e-09
2.972703815211872e-06,1.9032988282164923e-06,1.3939424652326153e-06,3.3592705960877183,2.1640609202830868e-13,8048775.581803289,0.0010579733686309789,3.0955967708202383e-09
2.167274156245442e-06,6.9630665133509675e-06,1.0718198696506073e-06,3.187340008554094,4.681431947699155e-14,76538978.52130115,0.0018919190171882868,2.703739889608266e-10
2.489594170275943e-06,8.770257366714575e-06,1.9423818150001538e-06,3.403016866367918,1.0270567901490432e-13,25256312.195186667,0.0015507080206350525,7.163564947721531e-10
1.980282810432575e-06,6.2350488660694606e-06,1.4982287768496758e-06,3.3073957078728604,2.349929020757057e-13,10445820.661037391,0.0014040086246624448,1.8963604826853926e-09
3.8788302834636115e-06,8.345861786167868e-06,1.957983887370227e-06,3.56431370903254,4.371091276876942e-13,7828640.177188427,0.002256608256599157,2.592996778848265e-09
4.095125019637676e-06,1.6575501091421654e-06,1.098345463300247e-06,2.8567097720427315,2.1964992300799844e-13,8221200.771062578,0.0007884592061646445,3.421105185824892e-09
1.6428922647761002e-06,7.380913616584836e-06,1.0015829415338698e-06,3.495804020616092,4.877959801934835e-14,78102783.05295545,0.002481316132398992,2.763194957203292e-10
9.459116348271458e-07,3.840979223992026e-06,5.309241841318377e-07,2.9281344976715094,1.8276999902183173e-13,16974627.539333858,0.0014064193787913413,1.0414754929636115e-09
3.4931945457703107e-06,3.979492538776531e-06,1.3436220172948999e-06,3.2834885935564477,4.491771926569073e-13,6396221.8468531845,0.0015881928591392563,3.508799835618537e-09
1.0764930390564063e-06,4.425866622381502e-06,1.053868687093765e-06,3.7092171279404953,5.822901323415996e-14,42619759.289478175,0.0018100151351214265,3.8282775213337957e-10
3.247005330145563e-06,8.242480129883019e-06,9.532770456952686e-07,3.7042344815361448,3.1127330316527485e-13,21552910.2160816,0.004818204260567552,8.671013956021318e-10
2.6219669365210493e-06,4.356942191170011e-06,1.4514401176925751e-06,2.8988337592251665,2.401753896434352e-13,8506646.238406792,0.0008527254534716662,2.250823833468434e-09
1.7783363530642568e-06,1.3270321773248955e-06,1.11634444738152e-06,3.4972587289109893,4.0250733550582753e-13,3748943.1983028604,0.0009774899310792595,6.579233463684596e-09
3.32824516263207e-06,7.414570752348401e-06,7.017915743178855e-07,3.3540001579576115,2.0687546756231453e-13,36936404.85626436,0.004313687947247132,5.001068768455409e-10
3.045755552700373e-06,1.5322868012306107e-06,9.99367211884847e-07,3.188032070149072,1.7702296300745282e-13,11254403.873584488,0.0010891280665348071,2.3865126709601656e-09
3.3946537888508683e-06,9.1725877483797e-06,1.4491673799202365e-06,3.2971811517994714,8.45546040275026e-14,47651524.353866115,0.002211453953189098,4.547391247359968e-10
1.76746376320875e-06,7.301588935740078e-06,1.8569697141030405e-06,3.6514662038410934,1.3826425715537818e-13,16475603.407864144,0.0016457735719232036,1.1238361944637742e-09
2.4116460328170124e-06,5.216740524200378e-06,7.32248166433446e-07,3.2304837800287625,4.352039798057153e-13,11435933.14289558,0.0026597734763505547,1.5141323266555283e-09
2.230885661191377e-06,7.439000406758571e-06,1.391481655406552e-06,3.6325331011828554,1.3044460988011653e-13,26597530.438700918,0.0023894854845399323,6.902846848586554e-10
1.1628374091300324e-06,2.8435106347111365e-06,6.63365224492419e-07,3.205756402149024,2.1912383576636138e-13,12654544.8723702,0.0014274040526070083,1.477774196405615e-09
1.2012398301335268e-06,8.819300585609828e-06,1.8941815277515105e-06,3.7317591526850307,3.3175537622724093e-13,nan,nan,nan
3.569207607847784e-06,7.1642768484204375e-06,1.026133417985974e-06,3.3335882104793573,2.1050457470553393e-14,249018058.46439248,0.0031208944921567302,8.389347795089206e-11
4.914485110126308e-06,6.848648786326175e-06,1.8606937636655457e-06,3.6774574867102015,7.940004029501327e-14,47828564.40650366,0.002680229026651648,5.084860519442787e-10
4.43526600849791e-06,6.1185901596720196e-06,8.685572511731995e-07,2.9157968076729737,4.172637271751344e-13,12664874.049693396,0.0022578010724444504,1.577336539869541e-09
2.057498657029392e-06,5.948725296164255e-06,1.4375821015612874e-06,2.8901775393877056,3.8953482400256575e-13,5424489.217851532,0.0009083618306621149,3.4544539265085675e-09
7.846982507808941e-07,2.7743258134165346e-06,1.8261720182802484e-06,2.9460180551554496,3.3207025786044307e-13,2148444.678454073,0.00032799778174402987,7.4275474231471705e-09
3.5125527960022827e-06,3.3384923316805348e-06,8.801972208110719e-07,2.885302446130425,3.4665064398256807e-13,9547282.548969341,0.001425698171001903,2.40032362158801e-09
1.9184734701476946e-06,9.751763136698354e-06,5.832148693857651e-07,3.2958867517899124,3.228281183584197e-13,23123785.558643088,0.0043096049816748324,8.321212451891509e-10
1.0517198782061553e-06,1.3323465531236117e-06,9.154287123675268e-07,3.102345089548407,2.337983913995669e-13,5310215.118756774,0.0006095537832166864,3.805171146366749e-09
3.5339166675573097e-06,1.3218911837896677e-06,1.578184218752373e-06,3.5922512747560735,4.036978497069607e-13,3560795.4951612996,0.0010049097592725936,7.951420503143637e-09
1.5660960216645926e-06,3.1046181944800335e-06,8.579614380195937e-07,3.4270138478556937,2.3569544636173457e-13,12143667.257302087,0.0016936390695813208,1.451688195990598e-09
8.484690052269738e-07,2.1385831641773514e-06,6.704972943156448e-07,3.6513692847875427,2.7108490261811756e-13,8981831.622691635,0.0016820167864769373,1.743950811174333e-09
4.722630541819966e-06,1.6328473879600338e-06,1.7654647599142095e-06,3.468459548171123,1.257522836915997e-13,12353554.080285149,0.0010065915580517073,2.3825650545620368e-09
1.5993364584568985e-06,6.532048261913325e-06,1.6325009092500516e-06,2.9781228950739975,2.0364720006067448e-13,8619390.475685803,0.0008306103918041799,2.0362359412826057e-09
2.97093282573122e-06,4.280083865231609e-06,8.847151257439792e-07,3.099710821837,4.681029795652664e-13,8300103.944146183,0.0018904476681249297,2.5121021276538364e-09
2.145709283840512e-06,7.377736214462815e-06,1.4095620189214343e-06,3.0788912822850243,3.2590589363563413e-13,8157479.526320572,0.0013401631939502189,1.9537977301947547e-09
3.080282912608955e-06,5.282341431244557e-06,1.0816560516184722e-06,3.6194750860859353,4.88906606797059e-13,9165039.535696665,0.0030238892207130174,2.068138326933105e-09
3.486782578885066e-06,8.361080361666084e-06,1.4768451707473843e-06,3.023355265245603,3.751035554527063e-13,9089753.87807956,0.001582994809113249,1.9428528003913415e-09
4.414683280349083e-06,3.482589865569418e-06,1.4091210124890427e-06,3.0442690223603495,3.990315735009135e-13,6311455.493746847,0.0012286479481717274,3.850290928699276e-09
3.6187960197580577e-06,7.4137528945624245e-06,1.4304985215365055e-06,2.885850394693808,4.5452073802046416e-13,6966173.456752066,0.0013206009663127936,2.3873261915179063e-09
4.724868815706525e-06,9.775078024123531e-06,6.241974117780344e-07,3.642996779466462,3.7534702700666934e-13,35186801.54869168,0.00904981586636028,5.736742411544071e-10
2.5064154699731866e-06,1.8089143202548176e-06,1.1661449145497905e-06,3.0761907477577304,1.305721920839203e-13,12733702.392226133,0.0008423569471828208,1.909249758411143e-09
9.697187414641363e-07,4.767718852389101e-06,1.259552921773965e-06,3.218644753706025,3.6812890406012777e-13,4526275.787527841,0.0009162161951134963,4.040591464124029e-09
1.92260940518726e-06,2.9515479589109858e-06,6.268537817577425e-07,2.954416161565205,1.3076404137381695e-14,260263597.97859392,0.0015706082759268517,7.109150455827024e-11
3.202644097178818e-06,7.333574726354368e-06,1.2096983697150031e-06,3.135880718114123,9.551650127220971e-14,41008882.75113935,0.0019380370210686515,3.9626267830570123e-10
1.715175922506046e-06,7.872476720129469e-06,1.1281963251072439e-06,3.2823015806840155,4.3921718396890636e-14,74010732.48865524,0.0018555879766417364,2.4159406106953304e-10
2.67152496546261e-06,8.007832894752424e-06,1.9298828898498362e-06,3.5969978033855172,4.1145194493653e-13,6872482.05645953,0.001962993493919912,2.2629252955163927e-09
1.4765750095708463e-06,9.510083597245232e-06,1.3875342065635927e-06,3.690815913589778,2.7318438229727857e-13,11312150.25902139,0.002265925089112793,1.374606512586962e-09
3.1767465368672222e-06,3.076984303207579e-06,1.2255106130137501e-06,3.185799099300445,4.080365655570813e-13,6141154.031652082,0.0013196683253555944,3.313914777472383e-09
3.650967019267212e-06,3.980095070617384e-06,1.3725391990898355e-06,3.1500658086573283,6.746448062962828e-14,39982193.52047649,0.0014154249947449455,5.027787466961275e-10
2.8186665257806275e-06,4.384466826161686e-06,7.459926499677411e-07,3.7397756628600707,2.3104225048076307e-13,25538107.957819834,0.004132431993454872,7.692907970424308e-10
4.714341281949295e-06,1.0607765586250425e-06,1.9958398418784757e-06,2.9880927780909907,9.276877740576408e-14,8916704.943706186,0.000394535848988217,3.5449412761616664e-09
6.851839056181256e-07,1.8529975511554875e-06,1.1575878661443378e-06,3.5396550675940084,8.527520591623092e-14,13173691.113107335,0.0007136845948493495,1.3308115734159503e-09
5.707606895984533e-07,8.4669817025857e-06,1.969883319688525e-06,3.0974851747519,3.3049936332564877e-13,2639054.023719951,0.0004980208174974975,7.429875614949074e-09
4.432160085019798e-06,4.3718756429368785e-06,5.946069691532239e-07,3.6802814189063415,4.756139845090947e-13,18709772.84679889,0.0062792446514900405,1.2986413647219963e-09
2.658966675802548e-06,6.564294352627793e-06,9.671066809522756e-07,3.4388564073769006,4.591966612962198e-13,10519910.959490396,0.0029915156900013422,1.7623663905967403e-09
2.1606032155462156e-06,9.126346071812812e-06,1.8590109739933196e-06,2.917926371028838,1.4547582022985897e-13,14056698.262930892,0.0009155341242689104,1.3153635327724233e-09
6.684898735592588e-07,6.126107568781602e-06,1.7439647906566163e-06,3.1342649875169624,2.7475463902784835e-13,3654397.4969943687,0.0005246960499661293,4.975785194043488e-09
3.3120066143523186e-06,5.247144540246644e-06,7.76413699413197e-07,3.7026377744322643,3.886757747113792e-13,17084763.21387937,0.004668550271805137,1.086154999823652e-09
3.1533933509324414e-06,2.9829584994454745e-06,1.0756743133087971e-06,2.996412603655718,3.7478784357715755e-13,6832072.588779321,0.0011951038225736898,3.562440894974559e-09
1.8246022450059532e-06,1.2713132532462241e-06,1.3295578167239983e-06,3.5722778628996217,2.169829687465792e-13,5927428.097057435,0.0008793245371162433,4.325258738860213e-09
3.365532048489599e-06,3.003085697778095e-06,1.1793425601582278e-06,3.25253527971264,2.5793265816001947e-13,10507587.611319596,0.001502279455959115,2.1994718172596796e-09
2.8936673368592434e-06,6.403181892543275e-06,1.7575516907852468e-06,2.927504416525285,3.269235359897679e-14,65950514.33267801,0.0009758662202961023,2.9731145140649834e-10
2.898832136105785e-06,2.824274243568749e-06,1.835993669097909e-06,2.9982047448966362,1.9100660835925543e-13,7344904.161749011,0.000658825777262953,3.01656588104446e-09
4.054799864147883e-06,3.089148480414489e-06,1.0276468241338208e-06,3.268687179303947,6.240694958579751e-14,55084966.4954239,0.001960457937133187,4.362616974966508e-10
3.725556455938447e-06,5.978095832810533e-06,1.0453109648400995e-06,2.989431490060345,5.517793314624076e-14,74831841.60133554,0.0019089130442237908,2.620253987829964e-10
4.187054086171985e-06,6.178656957885964e-06,6.951169153983761e-07,3.403428884848624,7.531435883287779e-14,106598930.09136005,0.004835147003339885,2.0055772415333233e-10
3.1926600580131808e-06,8.424098679336748e-06,1.6439449393178416e-06,3.3829730233683315,7.916972068429288e-14,43237550.74731467,0.0019838217434532553,5.024896748986607e-10
2.592391891643559e-06,1.990308326228063e-06,1.5941699337308315e-06,3.1676124027496426,1.927845487601941e-13,7058666.407666666,0.0007285141840126323,3.3389095167233853e-09
4.167279074448967e-06,5.622508798691797e-06,7.134047100100291e-07,3.0940320768905956,1.9815003332131595e-13,32827971.28250912,0.0031554975616560005,6.301881262341341e-10
1.013126231801248e-06,5.981962474898479e-06,1.9068836404130699e-06,3.0840037817603143,1.6705808038037796e-13,6951532.682887065,0.0005983748624572805,3.0511012617385684e-09
5.405675525727516e-07,9.731835442733201e-06,1.3438616537393574e-06,3.5725462600341396,1.386895225989968e-14,115210897.24088283,0.0011420069778994278,1.7019087262428277e-10
1.0295015678952244e-06,2.4906716805479434e-06,1.1824722106585744e-06,2.8612794552138907,1.7515072213298965e-13,6636120.383078485,0.00046620505287648355,2.824881883970723e-09
1.5750070978018454e-06,6.2355270065220025e-06,6.156319641599757e-07,3.7323926120285535,2.9801172047947037e-13,20823277.667758718,0.004675738426958735,8.416434223956676e-10
6.424209103767338e-07,1.5059044309640885e-06,1.122011564071341e-06,2.9200768365403547,3.4553763983911275e-13,2252467.560194748,0.00033334876172145736,7.915571453029863e-09
2.400150870252675e-06,7.787394342417876e-06,1.6935306853800237e-06,3.258125447378234,2.6204300588412715e-13,9966767.835618578,0.0014641545967995228,2.0342154251341635e-09
3.868135428005364e-06,2.090135789386063e-06,1.8527597051677563e-06,3.4124973111062853,4.187827491894061e-13,3754307.5619245204,0.0009851866004893966,7.022396027304665e-09
1.1964176418663252e-06,3.915965850963992e-06,7.677459392487779e-07,3.305169234349142,1.3429768170469513e-13,21845030.74092332,0.0016376823413878667,8.035132590419374e-10
1.7539344746107414e-06,6.059506138407385e-06,5.992532895089816e-07,2.9642288863064574,3.4799749832209654e-13,13937569.891957887,0.002261263838777285,1.4556634749522367e-09
9.589648594318275e-07,1.5303068854582114e-06,6.440223448948222e-07,3.0016301526832745,3.1430220443666974e-13,5517867.257809468,0.0007812361022636791,3.880038410584489e-09
7.904097031940148e-07,7.954904534945936e-06,5.71182669578016e-07,3.264559117816526,3.3426236197490407e-13,11903004.748263728,0.0022858331448119894,1.5748054538744454e-09
4.419364281238635e-06,6.1204126818435385e-06,1.6350153017784965e-06,3.234756522664887,2.9674189450637623e-13,10955734.334738275,0.0017215683888864887,1.917734808241901e-09
3.101850838841515e-06,9.458978145289522e-06,1.385788893799152e-06,3.13853729098839,3.345751876543196e-13,11417262.418949703,0.0019806920405047693,1.3933824977864671e-09
2.82414758146862e-06,2.306756566629323e-06,1.591663847306544e-06,3.678554175366184,1.1835105424319016e-13,16028424.38727434,0.0013750983117760242,1.636177066140259e-09
3.623455297908484e-06,8.828265925809909e-06,9.212710327451351e-07,3.2716656951899097,1.75121569358412e-13,36453847.404846095,0.0033923482264129495,5.24158837043308e-10
4.782338930704404e-06,3.0814032272142373e-06,6.830253915431533e-07,3.2253590007107866,2.4890642817980765e-14,217689261.73978844,0.002991132560265355,1.1809313977153507e-10
1.1360696483319082e-06,9.937396774204958e-06,1.917776922611909e-06,3.11646830543057,4.750547127618707e-13,3192982.024108877,0.0007940315160735017,5.1502593714834014e-09
4.4667960753859756e-06,2.092361619093555e-06,1.7666712337654858e-06,3.6934240436169343,2.325148094757885e-13,8368960.578106103,0.001438293521273911,3.2363569404829004e-09
9.807922178962399e-07,2.6688765708013037e-06,1.9127558726712996e-06,3.6552109632771126,2.0956357637763587e-13,4884495.107419899,0.0007119986375424521,4.014302953742035e-09
2.7117104686057896e-06,2.5957186434161112e-06,5.525105258502895e-07,3.140866726785863,9.768740901106578e-14,47178787.60533091,0.002409088977660917,4.516004718029512e-10
3.2565735734046086e-06,9.275610818426163e-06,1.286601837996562e-06,3.361724982678824,4.4101292142957503e-13,10437605.342931263,0.002764287651087191,1.4530068840984755e-09
8.09373738029166e-07,8.115342170156256e-06,1.9540022339917305e-06,3.3235210347564523,2.0839802995078507e-13,5851184.682373343,0.0007270509140713111,3.277571961701717e-09
7.064917970441248e-07,6.552604210524121e-06,1.1504955398336368e-06,3.3545971420929965,6.520951258304219e-14,27080602.17062575,0.0010937777276613726,7.278951578907741e-10
3.9185225769101305e-06,2.9186757541064962e-06,1.6384669153896093e-06,3.482040615421046,2.293533344664641e-13,9807645.670743154,0.0014531800674081267,2.6179585968006845e-09
2.3261943467339535e-06,9.756974601320396e-06,8.383158338749214e-07,3.4072120819319323,1.231069878967195e-13,49403358.3434623,0.003813703082170512,3.9499261053671153e-10
4.846356637652229e-06,7.6133640984321755e-06,1.9194779438541202e-06,3.357689955654746,3.621040462359274e-13,9443640.317374157,0.0019551299438458464,2.2862280739531542e-09
9.923933451480973e-07,4.743016139913826e-06,8.955840340340472e-07,3.409158443110546,2.431314241210708e-13,10558263.933737608,0.001615706432955243,1.3357218617261895e-09
4.5656691593183055e-06,4.772555492014019e-06,6.09119604480659e-07,2.906978113682699,4.7083775499964115e-14,140410722.39745697,0.002943652357072983,1.5209559627110058e-10
4.48780351119205e-06,1.03108634339744e-06,1.8545096766078907e-06,3.2635463362249335,2.8552647639123154e-13,3435532.7595496867,0.0005632613913100012,9.403138955297965e-09
9.234039585191705e-07,5.867545635307807e-06,1.9967901465248933e-06,3.61708681096293,4.631121721482282e-13,2802501.0929012755,0.0009115343302258652,5.57608570342853e-09
2.20583448619926e-06,8.432055436067078e-06,1.6006050559872849e-06,3.2569069960377206,3.500856184194587e-13,7796740.018573846,0.0015512889139810292,2.1657118265452103e-09
4.489075752153902e-06,7.5662882385033466e-06,1.6397340509203066e-06,3.0366866601950644,4.638486309351956e-13,7197291.551541135,0.0015533549383067358,2.5872572807199812e-09
4.361502270192883e-06,2.8022230485536726e-06,1.0091413882151587e-06,3.3009191730952807,8.205176880628367e-14,42058678.680463865,0.0020141523805937652,6.444498849588771e-10
4.5925721281737785e-06,5.0668013868225e-06,1.4394473259573947e-06,3.1704473867610625,2.897446093669174e-13,11364292.873070339,0.0017094226010121087,1.8912203367782393e-09
1.9622526088164714e-06,1.109455134342164e-06,1.7539571907636455e-06,3.164885030168847,3.018035013122312e-13,2578167.224778095,0.00041943102021827,9.783350901953771e-09
2.7877886591694924e-06,1.0454519500503501e-06,1.085838009257877e-06,3.743305898668179,1.0429924543858457e-13,16769858.00905857,0.0013247728792953998,1.7309948038618043e-09
1.7514870809462542e-06,4.792129696565379e-06,1.0556204447208692e-06,2.8560155770062643,3.0703726398326354e-13,7636035.849828312,0.0009632989833747216,2.051023428008131e-09
4.342219215748546e-06,7.798003940898378e-06,1.4867503275905889e-06,3.45018531663822,2.940350617451394e-13,14963850.130821535,0.002661310671648267,1.3117491688373252e-09
2.01425434308765e-06,5.412911770763474e-06,1.2176985371227913e-06,3.0040011501583215,7.741766653238851e-14,32080111.992580835,0.00112890533814703,5.491250218353354e-10
3.280965756871772e-06,3.289204961268757e-06,6.028275010230582e-07,3.541372380218433,6.262344108450522e-14,99033561.55391452,0.004147221639690345,2.348910811178606e-10
3.013300610463977e-06,2.687843983879399e-06,1.838896223455668e-06,3.707774378924413,2.7448260023774167e-13,6795615.943372585,0.001351779715204774,3.6157008798718267e-09
1.1626502028144104e-06,6.136517245695324e-06,6.160842283059169e-07,2.941891784183583,2.0129717411491018e-13,18306495.47967257,0.0017147802973163477,1.0710866620553687e-09
1.6490200692896286e-06,7.377986769631887e-06,1.9307827536598635e-06,2.859610190894847,1.9869472451026082e-13,7536622.92699191,0.0006549904055838654,2.413756625298038e-09
2.174288752552442e-06,6.622875015195223e-06,9.465423727371221e-07,3.5386089618480616,1.6234860634249483e-13,28391848.21971676,0.0029815191618201963,7.137924536287088e-10
4.879977630652629e-06,1.6545096067655733e-06,1.2899347093028134e-06,3.626270499034055,3.1604369984748883e-13,7307639.834775836,0.0016456325911643236,3.978591533028765e-09
3.0186434632527673e-06,3.5655313740068013e-06,1.6542272078350795e-06,3.554008997568105,1.0177221966040634e-13,22524966.447470654,0.0015159483501688698,1.0079441224086357e-09
2.816876955521941e-06,4.016086693090796e-06,1.2752166684380742e-06,3.46899014326816,1.1387388047552155e-13,26074398.618443243,0.0018488617029347458,7.519959874888381e-10
2.1735866800251554e-06,1.0400709879725544e-06,1.6179570649722809e-06,3.4557101684462275,4.947665695411636e-13,1929794.9751402265,0.0006147216172353737,1.3677429294821826e-08
3.94931565093119e-06,9.68192589512537e-06,1.416032295461699e-06,3.210450570591062,3.274823641284651e-13,13538733.173892874,0.002332887700066341,1.3298914554393465e-09
2.595966467162137e-06,4.925210400872425e-06,1.9769323408116004e-06,3.135153853879787,4.905100397420409e-14,36113202.82212026,0.0009040092653042588,5.95880396805636e-10
1.0084284929531176e-06,2.4050162510063185e-06,1.706558562975409e-06,3.294286602739286,1.8967501756824694e-13,5057577.294370212,0.0005204079148147521,3.731479112500493e-09
3.5381389089005245e-06,6.3352197053679915e-06,6.506284782575873e-07,2.9333898493245347,9.251183550732725e-14,70165124.58377406,0.0028395402182528973,2.7503957716846533e-10
2.3462270338610947e-06,4.301356046829249e-06,6.361246694707292e-07,3.2903201384877248,3.084490081670736e-13,17040771.265038513,0.0028817079517540227,9.80506058028727e-10
